﻿week_number,Week,mean_sentiment,team_name
36,1,0.15263,Arizona Cardinals
37,2,0.0493875,Arizona Cardinals
38,3,0.06455,Arizona Cardinals
39,4,0.356225,Arizona Cardinals
40,5,0.128422222,Arizona Cardinals
41,6,0.317958333,Arizona Cardinals
42,7,-0.13774,Arizona Cardinals
43,8,0.582666667,Arizona Cardinals
44,9,0.403671429,Arizona Cardinals
45,10,0.449727273,Arizona Cardinals
46,11,-0.102888889,Arizona Cardinals
47,12,0.1815,Arizona Cardinals
48,13,0.315633333,Arizona Cardinals
35,0,0.36005,Atlanta Falcons
36,1,0.137692308,Atlanta Falcons
37,2,0.167547222,Atlanta Falcons
38,3,-0.01825625,Atlanta Falcons
39,4,0.13437,Atlanta Falcons
40,5,-0.259433333,Atlanta Falcons
41,6,0.314933333,Atlanta Falcons
42,7,0.441266667,Atlanta Falcons
43,8,0.0238,Atlanta Falcons
44,9,0.39174,Atlanta Falcons
45,10,0.07362,Atlanta Falcons
46,11,-0.34555,Atlanta Falcons
47,12,0.240022222,Atlanta Falcons
48,13,0.43055,Atlanta Falcons
35,0,-0.281633333,Baltimore Ravens
36,1,0.005855556,Baltimore Ravens
37,2,-0.0781,Baltimore Ravens
38,3,-0.171047368,Baltimore Ravens
39,4,0.143762791,Baltimore Ravens
40,5,0.029466667,Baltimore Ravens
41,6,0.292676,Baltimore Ravens
42,7,0.025441667,Baltimore Ravens
43,8,0.087185,Baltimore Ravens
44,9,0.091447126,Baltimore Ravens
45,10,0.371933333,Baltimore Ravens
46,11,0.280755556,Baltimore Ravens
47,12,0.190184906,Baltimore Ravens
48,13,0.266023529,Baltimore Ravens
35,0,0,Buffalo Bills
36,1,0.090002632,Buffalo Bills
37,2,0.275688462,Buffalo Bills
38,3,0.183913514,Buffalo Bills
39,4,0.010865957,Buffalo Bills
40,5,0.017354545,Buffalo Bills
41,6,0.055559649,Buffalo Bills
42,7,0.069346154,Buffalo Bills
43,8,0.026661538,Buffalo Bills
44,9,0.103386667,Buffalo Bills
45,10,0.153102857,Buffalo Bills
46,11,0.268042424,Buffalo Bills
47,12,0.39752381,Buffalo Bills
48,13,0.168967143,Buffalo Bills
36,1,0.155516667,Carolina Panthers
37,2,0.03677037,Carolina Panthers
38,3,0.175690909,Carolina Panthers
39,4,0.37302,Carolina Panthers
40,5,0.00953,Carolina Panthers
41,6,0.195425,Carolina Panthers
42,7,0.093388889,Carolina Panthers
43,8,0.03125,Carolina Panthers
44,9,0.3202875,Carolina Panthers
45,10,0.120341667,Carolina Panthers
46,11,0.069833333,Carolina Panthers
47,12,0.404373333,Carolina Panthers
48,13,0.437583333,Carolina Panthers
35,0,-0.2787,Chicago Bears
36,1,0.359009091,Chicago Bears
37,2,0.031121739,Chicago Bears
38,3,0.01413125,Chicago Bears
39,4,0.152333333,Chicago Bears
40,5,0.047511111,Chicago Bears
41,6,0.360492857,Chicago Bears
42,7,0.216381818,Chicago Bears
43,8,0.247640909,Chicago Bears
44,9,0.2509,Chicago Bears
45,10,-0.191259259,Chicago Bears
46,11,0.05212,Chicago Bears
47,12,0.002303125,Chicago Bears
48,13,0.106211111,Chicago Bears
35,0,-0.53505,Cincinnati Bengals
36,1,-0.082192857,Cincinnati Bengals
37,2,0.00241,Cincinnati Bengals
38,3,0.00863871,Cincinnati Bengals
39,4,0.130245455,Cincinnati Bengals
40,5,-0.059666667,Cincinnati Bengals
41,6,0.282333333,Cincinnati Bengals
42,7,0.169657143,Cincinnati Bengals
43,8,-0.004115385,Cincinnati Bengals
44,9,-0.041455128,Cincinnati Bengals
45,10,0.318041667,Cincinnati Bengals
46,11,-0.050012903,Cincinnati Bengals
47,12,0.269991667,Cincinnati Bengals
48,13,0.324482353,Cincinnati Bengals
35,0,0.4215,Cleveland Browns
36,1,0.182728947,Cleveland Browns
37,2,0.236254545,Cleveland Browns
38,3,0.128064706,Cleveland Browns
39,4,-0.103414286,Cleveland Browns
40,5,-0.137347368,Cleveland Browns
41,6,0.140516,Cleveland Browns
42,7,0.104558621,Cleveland Browns
43,8,0.2975875,Cleveland Browns
44,9,0.2404125,Cleveland Browns
45,10,0.261785714,Cleveland Browns
46,11,0.184045833,Cleveland Browns
47,12,0.057538462,Cleveland Browns
48,13,0.114143333,Cleveland Browns
35,0,0.21075,Dallas Cowboys
36,1,-0.106618182,Dallas Cowboys
37,2,0.122486364,Dallas Cowboys
38,3,-0.02600625,Dallas Cowboys
39,4,-0.013442857,Dallas Cowboys
40,5,-0.0242,Dallas Cowboys
41,6,0.136967742,Dallas Cowboys
42,7,0.042996296,Dallas Cowboys
43,8,-0.019451852,Dallas Cowboys
44,9,-0.133737931,Dallas Cowboys
45,10,0.129011111,Dallas Cowboys
46,11,0.006167391,Dallas Cowboys
47,12,-0.018209524,Dallas Cowboys
48,13,0.246388889,Dallas Cowboys
36,1,0.218244444,Denver Broncos
37,2,-0.092142857,Denver Broncos
38,3,-0.0789375,Denver Broncos
39,4,-0.017781818,Denver Broncos
40,5,0.306305882,Denver Broncos
41,6,0.20365625,Denver Broncos
42,7,0.289292308,Denver Broncos
43,8,0.062015385,Denver Broncos
44,9,0.666433333,Denver Broncos
45,10,0.151761538,Denver Broncos
46,11,0.134426667,Denver Broncos
47,12,0.448516667,Denver Broncos
48,13,0.16447037,Denver Broncos
36,1,0.196626316,Detroit Lions
37,2,-0.029075,Detroit Lions
38,3,0.036990909,Detroit Lions
39,4,0.324418919,Detroit Lions
40,5,1.67E-05,Detroit Lions
41,6,0.1085625,Detroit Lions
42,7,0.092340741,Detroit Lions
43,8,-0.460469231,Detroit Lions
44,9,0.266730556,Detroit Lions
45,10,0.207611111,Detroit Lions
46,11,0.027527778,Detroit Lions
47,12,0.12285122,Detroit Lions
48,13,0.115164286,Detroit Lions
35,0,0.160030769,Green Bay Packers
36,1,0.40645,Green Bay Packers
37,2,0.076635294,Green Bay Packers
38,3,0.282567857,Green Bay Packers
39,4,0.081616,Green Bay Packers
40,5,0.248,Green Bay Packers
41,6,0.161388889,Green Bay Packers
42,7,0.090323529,Green Bay Packers
43,8,0.217158824,Green Bay Packers
44,9,0.266333333,Green Bay Packers
45,10,0.400935714,Green Bay Packers
46,11,0.173863158,Green Bay Packers
47,12,0.180213043,Green Bay Packers
48,13,0.214483333,Green Bay Packers
36,1,0.0546,Houston Texans
37,2,0.156754286,Houston Texans
38,3,-0.000363636,Houston Texans
39,4,0.620277778,Houston Texans
40,5,-0.179816667,Houston Texans
41,6,0.163873913,Houston Texans
42,7,0.51763,Houston Texans
43,8,-0.115335714,Houston Texans
44,9,0.136545,Houston Texans
45,10,0.0920375,Houston Texans
46,11,-0.033328889,Houston Texans
47,12,0.033918182,Houston Texans
48,13,-0.02952,Houston Texans
35,0,0.5423,Indianapolis Colts
36,1,0.1259,Indianapolis Colts
37,2,0.217458333,Indianapolis Colts
38,3,0.064647368,Indianapolis Colts
39,4,0.30675,Indianapolis Colts
40,5,-0.0129,Indianapolis Colts
41,6,0.548811111,Indianapolis Colts
42,7,0.670277778,Indianapolis Colts
43,8,0.289995238,Indianapolis Colts
44,9,-0.003053571,Indianapolis Colts
45,10,0.29625,Indianapolis Colts
46,11,0.39433,Indianapolis Colts
47,12,0.238961111,Indianapolis Colts
48,13,0.168011111,Indianapolis Colts
36,1,0.249925,Jacksonville Jaguars
37,2,-0.066533333,Jacksonville Jaguars
38,3,0.104317391,Jacksonville Jaguars
39,4,0.149538462,Jacksonville Jaguars
40,5,0.0320375,Jacksonville Jaguars
41,6,0.42842,Jacksonville Jaguars
42,7,0.2296,Jacksonville Jaguars
43,8,-0.03036,Jacksonville Jaguars
44,9,0.231175,Jacksonville Jaguars
45,10,-0.00433,Jacksonville Jaguars
46,11,0.0872,Jacksonville Jaguars
47,12,0.258033333,Jacksonville Jaguars
48,13,0.032546667,Jacksonville Jaguars
35,0,-0.5574,Kansas City Chiefs
36,1,0.097492857,Kansas City Chiefs
37,2,-0.032113793,Kansas City Chiefs
38,3,-0.035615,Kansas City Chiefs
39,4,0.032968,Kansas City Chiefs
40,5,0.029106977,Kansas City Chiefs
41,6,0.41973,Kansas City Chiefs
42,7,0.377616667,Kansas City Chiefs
43,8,0.348573913,Kansas City Chiefs
44,9,0.119177273,Kansas City Chiefs
45,10,0.101660714,Kansas City Chiefs
46,11,0.12466129,Kansas City Chiefs
47,12,0.163623944,Kansas City Chiefs
48,13,0.334929412,Kansas City Chiefs
36,1,0.240444444,Las Vegas Raiders
37,2,-0.208109091,Las Vegas Raiders
38,3,0.090018182,Las Vegas Raiders
39,4,0.01672093,Las Vegas Raiders
40,5,0.110996552,Las Vegas Raiders
41,6,0.118107692,Las Vegas Raiders
42,7,0.19915,Las Vegas Raiders
43,8,0.323771429,Las Vegas Raiders
44,9,-0.0849,Las Vegas Raiders
45,10,0.4058,Las Vegas Raiders
46,11,0.090394737,Las Vegas Raiders
47,12,0.095295833,Las Vegas Raiders
48,13,0.51888,Las Vegas Raiders
36,1,0.27344375,Los Angeles Chargers
37,2,0.0922,Los Angeles Chargers
38,3,-0.03199,Los Angeles Chargers
39,4,0.1059,Los Angeles Chargers
40,5,-0.2988,Los Angeles Chargers
41,6,0.314007692,Los Angeles Chargers
42,7,0.093866667,Los Angeles Chargers
43,8,0.164511111,Los Angeles Chargers
44,9,0.518077778,Los Angeles Chargers
45,10,-0.148216667,Los Angeles Chargers
46,11,0.144797222,Los Angeles Chargers
47,12,0.131473684,Los Angeles Chargers
48,13,0.18158,Los Angeles Chargers
36,1,0.058312,Los Angeles Rams
37,2,-0.01451,Los Angeles Rams
38,3,0.141325,Los Angeles Rams
39,4,0.422183333,Los Angeles Rams
40,5,0.1789625,Los Angeles Rams
41,6,0.363009091,Los Angeles Rams
42,7,0.073967273,Los Angeles Rams
43,8,0.358253333,Los Angeles Rams
44,9,0.14217931,Los Angeles Rams
45,10,-0.029805263,Los Angeles Rams
46,11,-0.064333333,Los Angeles Rams
47,12,-0.041409677,Los Angeles Rams
48,13,0.0320125,Los Angeles Rams
35,0,0,Miami Dolphins
36,1,-0.033454962,Miami Dolphins
37,2,0.042548387,Miami Dolphins
38,3,0.087927273,Miami Dolphins
39,4,0.155714815,Miami Dolphins
40,5,0.285003571,Miami Dolphins
41,6,0.241147619,Miami Dolphins
42,7,0.08686875,Miami Dolphins
43,8,0.395555,Miami Dolphins
44,9,0.13452,Miami Dolphins
45,10,0.009843478,Miami Dolphins
46,11,0.195194737,Miami Dolphins
47,12,0.14016,Miami Dolphins
48,13,0.579922222,Miami Dolphins
35,0,0.4721,Minnesota Vikings
36,1,0.005375,Minnesota Vikings
37,2,0.198914286,Minnesota Vikings
38,3,0.211623077,Minnesota Vikings
39,4,0.081761538,Minnesota Vikings
40,5,0.280241667,Minnesota Vikings
41,6,0.14261875,Minnesota Vikings
42,7,-0.011661224,Minnesota Vikings
43,8,0.11864,Minnesota Vikings
44,9,0.184475,Minnesota Vikings
45,10,0.39479375,Minnesota Vikings
46,11,0.330471429,Minnesota Vikings
47,12,0.448008333,Minnesota Vikings
48,13,0.236471429,Minnesota Vikings
35,0,-0.4215,New England Patriots
36,1,0.082613043,New England Patriots
37,2,0.054151515,New England Patriots
38,3,-0.081245455,New England Patriots
39,4,0.304638462,New England Patriots
40,5,0.31236,New England Patriots
41,6,0.309126316,New England Patriots
42,7,0.378666667,New England Patriots
43,8,0.048211111,New England Patriots
44,9,0.080575,New England Patriots
45,10,0.160264706,New England Patriots
46,11,0.2325,New England Patriots
47,12,0.040184211,New England Patriots
48,13,0.39868,New England Patriots
36,1,0.26265,New Orleans Saints
37,2,-0.061216667,New Orleans Saints
38,3,-0.257858824,New Orleans Saints
39,4,0.099957143,New Orleans Saints
40,5,-0.047924138,New Orleans Saints
41,6,0.03182766,New Orleans Saints
42,7,0.317444444,New Orleans Saints
43,8,0.102371429,New Orleans Saints
44,9,0.087105556,New Orleans Saints
45,10,0.3333,New Orleans Saints
46,11,0.381711111,New Orleans Saints
47,12,0.348625,New Orleans Saints
48,13,0.480916667,New Orleans Saints
35,0,0.44705,New York Giants
36,1,0.104216667,New York Giants
37,2,0.09957,New York Giants
38,3,0.082302381,New York Giants
39,4,0.337083333,New York Giants
40,5,0.18754,New York Giants
41,6,0.294213793,New York Giants
42,7,0.10927619,New York Giants
43,8,0.099248148,New York Giants
44,9,0.4182,New York Giants
45,10,0.283088889,New York Giants
46,11,0.110146809,New York Giants
47,12,0.07444717,New York Giants
48,13,0.2867,New York Giants
35,0,0.363433333,New York Jets
36,1,0.117934211,New York Jets
37,2,0.089009091,New York Jets
38,3,-0.01507619,New York Jets
39,4,-0.023218,New York Jets
40,5,0.059597872,New York Jets
41,6,0.060915294,New York Jets
42,7,0.070418571,New York Jets
43,8,-0.051272308,New York Jets
44,9,0.173419231,New York Jets
45,10,0.247,New York Jets
46,11,-0.012790566,New York Jets
47,12,0.300130303,New York Jets
48,13,0.146072727,New York Jets
35,0,-0.212695652,Philadelphia Eagles
36,1,0.105866667,Philadelphia Eagles
37,2,-0.008790476,Philadelphia Eagles
38,3,-0.135592593,Philadelphia Eagles
39,4,0.082483333,Philadelphia Eagles
40,5,0.0119,Philadelphia Eagles
41,6,0.50431,Philadelphia Eagles
42,7,0.001945455,Philadelphia Eagles
43,8,0.149283333,Philadelphia Eagles
44,9,0.027833333,Philadelphia Eagles
45,10,-0.140055769,Philadelphia Eagles
46,11,0.081188889,Philadelphia Eagles
47,12,0.022035821,Philadelphia Eagles
48,13,0.136643478,Philadelphia Eagles
35,0,0,Pittsburgh Steelers
36,1,0.14194,Pittsburgh Steelers
37,2,-0.136317647,Pittsburgh Steelers
38,3,0.007422727,Pittsburgh Steelers
39,4,0.220194737,Pittsburgh Steelers
40,5,0.045364865,Pittsburgh Steelers
41,6,0.402723333,Pittsburgh Steelers
42,7,0.069358621,Pittsburgh Steelers
43,8,0.117496875,Pittsburgh Steelers
44,9,0.255773333,Pittsburgh Steelers
45,10,0.42526,Pittsburgh Steelers
46,11,0.11666875,Pittsburgh Steelers
47,12,0.089946667,Pittsburgh Steelers
48,13,0.147641667,Pittsburgh Steelers
35,0,-0.148,San Francisco 49ers
36,1,-0.059216667,San Francisco 49ers
37,2,-0.267481818,San Francisco 49ers
38,3,0.0312,San Francisco 49ers
39,4,0.224316667,San Francisco 49ers
40,5,-0.008782353,San Francisco 49ers
41,6,0.344757895,San Francisco 49ers
42,7,-0.032523077,San Francisco 49ers
43,8,-0.13233,San Francisco 49ers
44,9,0.371932,San Francisco 49ers
45,10,0.159288889,San Francisco 49ers
46,11,0.11163913,San Francisco 49ers
47,12,-0.044792593,San Francisco 49ers
48,13,-0.134788235,San Francisco 49ers
35,0,0.6114,Seattle Seahawks
36,1,0.073646667,Seattle Seahawks
37,2,-0.028921053,Seattle Seahawks
38,3,-0.046705,Seattle Seahawks
39,4,0.1481,Seattle Seahawks
40,5,-0.055059259,Seattle Seahawks
41,6,0.510327273,Seattle Seahawks
42,7,0.021383333,Seattle Seahawks
43,8,0.036333333,Seattle Seahawks
44,9,0.22573,Seattle Seahawks
45,10,0.053630769,Seattle Seahawks
46,11,0.19344,Seattle Seahawks
47,12,0.130427273,Seattle Seahawks
48,13,-0.053809091,Seattle Seahawks
35,0,0.0258,Tampa Bay Buccaneers
36,1,0.174513333,Tampa Bay Buccaneers
37,2,-0.108354545,Tampa Bay Buccaneers
38,3,-0.305291667,Tampa Bay Buccaneers
39,4,0.063214706,Tampa Bay Buccaneers
40,5,-0.1704,Tampa Bay Buccaneers
41,6,0.768985714,Tampa Bay Buccaneers
42,7,-0.058465789,Tampa Bay Buccaneers
43,8,0.565266667,Tampa Bay Buccaneers
44,9,0.1808,Tampa Bay Buccaneers
45,10,0.63655,Tampa Bay Buccaneers
46,11,0.098225,Tampa Bay Buccaneers
47,12,0.255654545,Tampa Bay Buccaneers
48,13,0.09769,Tampa Bay Buccaneers
35,0,0.128933333,Tennessee Titans
36,1,0.49385,Tennessee Titans
37,2,0.107316667,Tennessee Titans
38,3,0.231875,Tennessee Titans
39,4,0.125595455,Tennessee Titans
40,5,0.339725,Tennessee Titans
41,6,-0.01054375,Tennessee Titans
42,7,0.33110625,Tennessee Titans
43,8,0.450244444,Tennessee Titans
44,9,0.031922222,Tennessee Titans
45,10,0.31953,Tennessee Titans
46,11,-0.007836364,Tennessee Titans
47,12,0.216044444,Tennessee Titans
48,13,0.371933333,Tennessee Titans
35,0,-0.1912,Washington Commanders
36,1,0.377775,Washington Commanders
37,2,0.190266667,Washington Commanders
38,3,-0.005244186,Washington Commanders
39,4,0.126077778,Washington Commanders
40,5,0.099526087,Washington Commanders
41,6,0.20316,Washington Commanders
42,7,-0.221076923,Washington Commanders
43,8,-0.019084,Washington Commanders
44,9,0.039675,Washington Commanders
45,10,0.051323077,Washington Commanders
46,11,0.27975,Washington Commanders
47,12,-0.063861111,Washington Commanders
48,13,0.1238125,Washington Commanders
